Date,RegAll,RegConvention
8/20/1990,1.191,1.191
8/27/1990,1.245,1.245
9/3/1990,1.242,1.242
9/10/1990,1.252,1.252
9/17/1990,1.266,1.266
9/24/1990,1.272,1.272
10/1/1990,1.321,1.321
10/8/1990,1.333,1.333
10/15/1990,1.339,1.339
10/22/1990,1.345,1.345
10/29/1990,1.339,1.339
11/5/1990,1.334,1.334
11/12/1990,1.328,1.328
11/19/1990,1.323,1.323
11/26/1990,1.311,1.311
12/3/1990,1.341,1.341
12/10/1990,,
12/17/1990,,
12/24/1990,,
12/31/1990,,
1/7/1991,,
1/14/1991,,
1/21/1991,1.192,1.192
1/28/1991,1.168,1.168
2/4/1991,1.139,1.139
2/11/1991,1.106,1.106
2/18/1991,1.078,1.078
2/25/1991,1.054,1.054
3/4/1991,1.025,1.025
3/11/1991,1.045,1.045
3/18/1991,1.043,1.043
3/25/1991,1.047,1.047
4/1/1991,1.052,1.052
4/8/1991,1.066,1.066
4/15/1991,1.069,1.069
4/22/1991,1.09,1.09
4/29/1991,1.104,1.104
5/6/1991,1.113,1.113
5/13/1991,1.121,1.121
5/20/1991,1.129,1.129
5/27/1991,1.14,1.14
6/3/1991,1.138,1.138
6/10/1991,1.135,1.135
6/17/1991,1.126,1.126
6/24/1991,1.114,1.114
7/1/1991,1.104,1.104
7/8/1991,1.098,1.098
7/15/1991,1.094,1.094
7/22/1991,1.091,1.091
7/29/1991,1.091,1.091
8/5/1991,1.099,1.099
8/12/1991,1.112,1.112
8/19/1991,1.124,1.124
8/26/1991,1.124,1.124
9/2/1991,1.127,1.127
9/9/1991,1.12,1.12
9/16/1991,1.11,1.11
9/23/1991,1.097,1.097
9/30/1991,1.092,1.092
10/7/1991,1.089,1.089
10/14/1991,1.084,1.084
10/21/1991,1.088,1.088
10/28/1991,1.091,1.091
11/4/1991,1.091,1.091
11/11/1991,1.102,1.102
11/18/1991,1.104,1.104
11/25/1991,1.099,1.099
12/2/1991,1.099,1.099
12/9/1991,1.091,1.091
12/16/1991,1.075,1.075
12/23/1991,1.063,1.063
12/30/1991,1.053,1.053
1/6/1992,1.042,1.042
1/13/1992,1.026,1.026
1/20/1992,1.014,1.014
1/27/1992,1.006,1.006
2/3/1992,0.995,0.995
2/10/1992,1.004,1.004
2/17/1992,1.011,1.011
2/24/1992,1.014,1.014
3/2/1992,1.012,1.012
3/9/1992,1.013,1.013
3/16/1992,1.01,1.01
3/23/1992,1.015,1.015
3/30/1992,1.013,1.013
4/6/1992,1.026,1.026
4/13/1992,1.051,1.051
4/20/1992,1.058,1.058
4/27/1992,1.072,1.072
5/4/1992,1.089,1.089
5/11/1992,1.102,1.102
5/18/1992,1.118,1.118
5/25/1992,1.12,1.12
6/1/1992,1.128,1.128
6/8/1992,1.143,1.143
6/15/1992,1.151,1.151
6/22/1992,1.153,1.153
6/29/1992,1.149,1.149
7/6/1992,1.147,1.147
7/13/1992,1.139,1.139
7/20/1992,1.132,1.132
7/27/1992,1.128,1.128
8/3/1992,1.126,1.126
8/10/1992,1.123,1.123
8/17/1992,1.116,1.116
8/24/1992,1.123,1.123
8/31/1992,1.121,1.121
9/7/1992,1.121,1.121
9/14/1992,1.124,1.124
9/21/1992,1.123,1.123
9/28/1992,1.118,1.118
10/5/1992,1.115,1.115
10/12/1992,1.115,1.115
10/19/1992,1.113,1.113
10/26/1992,1.113,1.113
11/2/1992,1.12,1.12
11/9/1992,1.12,1.12
11/16/1992,1.112,1.112
11/23/1992,1.106,1.106
11/30/1992,1.098,1.098
12/7/1992,1.089,1.089
12/14/1992,1.078,1.078
12/21/1992,1.074,1.074
12/28/1992,1.069,1.069
1/4/1993,1.065,1.065
1/11/1993,1.066,1.066
1/18/1993,1.061,1.061
1/25/1993,1.055,1.055
2/1/1993,1.055,1.055
2/8/1993,1.062,1.062
2/15/1993,1.053,1.053
2/22/1993,1.047,1.047
3/1/1993,1.042,1.042
3/8/1993,1.048,1.048
3/15/1993,1.058,1.058
3/22/1993,1.056,1.056
3/29/1993,1.057,1.057
4/5/1993,1.068,1.068
4/12/1993,1.079,1.079
4/19/1993,1.079,1.079
4/26/1993,1.086,1.086
5/3/1993,1.086,1.086
5/10/1993,1.097,1.097
5/17/1993,1.106,1.106
5/24/1993,1.106,1.106
5/31/1993,1.107,1.107
6/7/1993,1.104,1.104
6/14/1993,1.101,1.101
6/21/1993,1.095,1.095
6/28/1993,1.089,1.089
7/5/1993,1.086,1.086
7/12/1993,1.081,1.081
7/19/1993,1.075,1.075
7/26/1993,1.069,1.069
8/2/1993,1.062,1.062
8/9/1993,1.06,1.06
8/16/1993,1.059,1.059
8/23/1993,1.065,1.065
8/30/1993,1.062,1.062
9/6/1993,1.055,1.055
9/13/1993,1.051,1.051
9/20/1993,1.045,1.045
9/27/1993,1.047,1.047
10/4/1993,1.092,1.092
10/11/1993,1.09,1.09
10/18/1993,1.093,1.093
10/25/1993,1.092,1.092
11/1/1993,1.084,1.084
11/8/1993,1.075,1.075
11/15/1993,1.064,1.064
11/22/1993,1.058,1.058
11/29/1993,1.051,1.051
12/6/1993,1.036,1.036
12/13/1993,1.018,1.018
12/20/1993,1.003,1.003
12/27/1993,0.999,0.999
1/3/1994,0.992,0.992
1/10/1994,0.995,0.995
1/17/1994,1.001,1.001
1/24/1994,0.999,0.999
1/31/1994,1.005,1.005
2/7/1994,1.007,1.007
2/14/1994,1.016,1.016
2/21/1994,1.009,1.009
2/28/1994,1.004,1.004
3/7/1994,1.007,1.007
3/14/1994,1.005,1.005
3/21/1994,1.007,1.007
3/28/1994,1.012,1.012
4/4/1994,1.011,1.011
4/11/1994,1.028,1.028
4/18/1994,1.033,1.033
4/25/1994,1.037,1.037
5/2/1994,1.04,1.04
5/9/1994,1.045,1.045
5/16/1994,1.046,1.046
5/23/1994,1.05,1.05
5/30/1994,1.056,1.056
6/6/1994,1.065,1.065
6/13/1994,1.073,1.073
6/20/1994,1.079,1.079
6/27/1994,1.095,1.095
7/4/1994,1.097,1.097
7/11/1994,1.103,1.103
7/18/1994,1.109,1.109
7/25/1994,1.114,1.114
8/1/1994,1.13,1.13
8/8/1994,1.157,1.157
8/15/1994,1.161,1.161
8/22/1994,1.165,1.165
8/29/1994,1.161,1.161
9/5/1994,1.156,1.156
9/12/1994,1.15,1.15
9/19/1994,1.14,1.14
9/26/1994,1.129,1.129
10/3/1994,1.12,1.12
10/10/1994,1.114,1.114
10/17/1994,1.106,1.106
10/24/1994,1.107,1.107
10/31/1994,1.121,1.121
11/7/1994,1.123,1.123
11/14/1994,1.122,1.122
11/21/1994,1.113,1.113
11/28/1994,1.105,1.082
12/5/1994,1.103,1.075
12/12/1994,1.095,1.064
12/19/1994,1.087,1.056
12/26/1994,1.077,1.044
1/2/1995,1.079,1.063
1/9/1995,1.086,1.07
1/16/1995,1.078,1.062
1/23/1995,1.083,1.068
1/30/1995,1.083,1.068
2/6/1995,1.076,1.062
2/13/1995,1.074,1.058
2/20/1995,1.067,1.052
2/27/1995,1.073,1.06
3/6/1995,1.076,1.063
3/13/1995,1.069,1.056
3/20/1995,1.068,1.055
3/27/1995,1.075,1.063
4/3/1995,1.087,1.077
4/10/1995,1.103,1.094
4/17/1995,1.117,1.11
4/24/1995,1.138,1.133
5/1/1995,1.148,1.141
5/8/1995,1.169,1.164
5/15/1995,1.179,1.173
5/22/1995,1.197,1.191
5/29/1995,1.199,1.193
6/5/1995,1.199,1.194
6/12/1995,1.196,1.19
6/19/1995,1.189,1.183
6/26/1995,1.182,1.177
7/3/1995,1.175,1.169
7/10/1995,1.165,1.159
7/17/1995,1.153,1.148
7/24/1995,1.144,1.138
7/31/1995,1.132,1.126
8/7/1995,1.127,1.124
8/14/1995,1.125,1.121
8/21/1995,1.124,1.122
8/28/1995,1.117,1.113
9/4/1995,1.113,1.111
9/11/1995,1.111,1.107
9/18/1995,1.11,1.106
9/25/1995,1.109,1.106
10/2/1995,1.105,1.1
10/9/1995,1.097,1.092
10/16/1995,1.087,1.081
10/23/1995,1.079,1.073
10/30/1995,1.068,1.062
11/6/1995,1.065,1.06
11/13/1995,1.063,1.059
11/20/1995,1.06,1.056
11/27/1995,1.061,1.057
12/4/1995,1.062,1.058
12/11/1995,1.063,1.057
12/18/1995,1.078,1.072
12/25/1995,1.082,1.075
1/1/1996,1.083,1.077
1/8/1996,1.093,1.086
1/15/1996,1.098,1.092
1/22/1996,1.091,1.084
1/29/1996,1.087,1.079
2/5/1996,1.083,1.076
2/12/1996,1.08,1.073
2/19/1996,1.087,1.078
2/26/1996,1.107,1.099
3/4/1996,1.124,1.115
3/11/1996,1.125,1.116
3/18/1996,1.135,1.128
3/25/1996,1.164,1.158
4/1/1996,1.178,1.172
4/8/1996,1.204,1.195
4/15/1996,1.242,1.234
4/22/1996,1.256,1.243
4/29/1996,1.273,1.257
5/6/1996,1.275,1.259
5/13/1996,1.277,1.262
5/20/1996,1.285,1.269
5/27/1996,1.275,1.26
6/3/1996,1.269,1.252
6/10/1996,1.262,1.247
6/17/1996,1.258,1.241
6/24/1996,1.245,1.23
7/1/1996,1.234,1.219
7/8/1996,1.231,1.217
7/15/1996,1.228,1.215
7/22/1996,1.227,1.215
7/29/1996,1.218,1.209
8/5/1996,1.207,1.199
8/12/1996,1.203,1.196
8/19/1996,1.205,1.199
8/26/1996,1.209,1.201
9/2/1996,1.197,1.193
9/9/1996,1.203,1.201
9/16/1996,1.206,1.203
9/23/1996,1.206,1.203
9/30/1996,1.2,1.199
10/7/1996,1.194,1.191
10/14/1996,1.203,1.203
10/21/1996,1.204,1.205
10/28/1996,1.215,1.217
11/4/1996,1.223,1.225
11/11/1996,1.226,1.229
11/18/1996,1.236,1.238
11/25/1996,1.244,1.246
12/2/1996,1.241,1.242
12/9/1996,1.241,1.241
12/16/1996,1.236,1.233
12/23/1996,1.231,1.227
12/30/1996,1.227,1.224
1/6/1997,1.225,1.22
1/13/1997,1.241,1.235
1/20/1997,1.241,1.236
1/27/1997,1.238,1.232
2/3/1997,1.236,1.23
2/10/1997,1.234,1.227
2/17/1997,1.227,1.22
2/24/1997,1.223,1.217
3/3/1997,1.215,1.208
3/10/1997,1.206,1.199
3/17/1997,1.2,1.191
3/24/1997,1.204,1.196
3/31/1997,1.2,1.191
4/7/1997,1.203,1.192
4/14/1997,1.199,1.187
4/21/1997,1.199,1.188
4/28/1997,1.195,1.185
5/5/1997,1.193,1.182
5/12/1997,1.193,1.182
5/19/1997,1.203,1.195
5/26/1997,1.212,1.204
6/2/1997,1.215,1.206
6/9/1997,1.207,1.198
6/16/1997,1.198,1.189
6/23/1997,1.187,1.179
6/30/1997,1.181,1.171
7/7/1997,1.177,1.169
7/14/1997,1.173,1.165
7/21/1997,1.177,1.17
7/28/1997,1.17,1.164
8/4/1997,1.193,1.185
8/11/1997,1.228,1.219
8/18/1997,1.229,1.218
8/25/1997,1.244,1.23
9/1/1997,1.243,1.229
9/8/1997,1.243,1.227
9/15/1997,1.236,1.219
9/22/1997,1.225,1.208
9/29/1997,1.21,1.195
10/6/1997,1.209,1.195
10/13/1997,1.203,1.187
10/20/1997,1.193,1.178
10/27/1997,1.182,1.168
11/3/1997,1.176,1.163
11/10/1997,1.177,1.164
11/17/1997,1.168,1.156
11/24/1997,1.162,1.15
12/1/1997,1.152,1.14
12/8/1997,1.141,1.128
12/15/1997,1.131,1.118
12/22/1997,1.121,1.108
12/29/1997,1.112,1.099
1/5/1998,1.102,1.089
1/12/1998,1.094,1.083
1/19/1998,1.083,1.072
1/26/1998,1.066,1.055
2/2/1998,1.061,1.051
2/9/1998,1.053,1.045
2/16/1998,1.038,1.032
2/23/1998,1.044,1.038
3/2/1998,1.028,1.025
3/9/1998,1.018,1.017
3/16/1998,1.008,1.006
3/23/1998,1,0.998
3/30/1998,1.03,1.026
4/6/1998,1.028,1.023
4/13/1998,1.025,1.018
4/20/1998,1.028,1.021
4/27/1998,1.04,1.032
5/4/1998,1.049,1.038
5/11/1998,1.063,1.052
5/18/1998,1.072,1.055
5/25/1998,1.07,1.052
6/1/1998,1.066,1.047
6/8/1998,1.075,1.06
6/15/1998,1.066,1.049
6/22/1998,1.058,1.041
6/29/1998,1.057,1.042
7/6/1998,1.058,1.041
7/13/1998,1.054,1.037
7/20/1998,1.059,1.044
7/27/1998,1.05,1.035
8/3/1998,1.039,1.023
8/10/1998,1.033,1.018
8/17/1998,1.026,1.011
8/24/1998,1.019,1.004
8/31/1998,1.013,0.998
9/7/1998,1.007,0.991
9/14/1998,1.002,0.987
9/21/1998,1.014,0.999
9/28/1998,1.014,0.999
10/5/1998,1.019,1.006
10/12/1998,1.022,1.01
10/19/1998,1.019,1.007
10/26/1998,1.015,1.001
11/2/1998,1.01,0.997
11/9/1998,1.008,0.994
11/16/1998,0.996,0.981
11/23/1998,0.989,0.971
11/30/1998,0.974,0.954
12/7/1998,0.954,0.933
12/14/1998,0.945,0.923
12/21/1998,0.944,0.921
12/28/1998,0.937,0.914
1/4/1999,0.935,0.913
1/11/1999,0.941,0.92
1/18/1999,0.944,0.921
1/25/1999,0.936,0.913
2/1/1999,0.929,0.908
2/8/1999,0.927,0.907
2/15/1999,0.919,0.899
2/22/1999,0.907,0.885
3/1/1999,0.913,0.891
3/8/1999,0.921,0.9
3/15/1999,0.977,0.958
3/22/1999,1.017,0.999
3/29/1999,1.082,1.055
4/5/1999,1.118,1.087
4/12/1999,1.14,1.107
4/19/1999,1.135,1.103
4/26/1999,1.131,1.099
5/3/1999,1.136,1.107
5/10/1999,1.14,1.109
5/17/1999,1.14,1.112
5/24/1999,1.126,1.101
5/31/1999,1.111,1.088
6/7/1999,1.112,1.092
6/14/1999,1.108,1.088
6/21/1999,1.124,1.105
6/28/1999,1.113,1.095
7/5/1999,1.125,1.11
7/12/1999,1.143,1.123
7/19/1999,1.169,1.148
7/26/1999,1.193,1.172
8/2/1999,1.195,1.172
8/9/1999,1.206,1.183
8/16/1999,1.236,1.214
8/23/1999,1.234,1.212
8/30/1999,1.233,1.214
9/6/1999,1.242,1.223
9/13/1999,1.25,1.234
9/20/1999,1.268,1.252
9/27/1999,1.262,1.248
10/4/1999,1.255,1.242
10/11/1999,1.249,1.234
10/18/1999,1.236,1.22
10/25/1999,1.237,1.225
11/1/1999,1.23,1.218
11/8/1999,1.233,1.222
11/15/1999,1.251,1.24
11/22/1999,1.269,1.258
11/29/1999,1.274,1.262
12/6/1999,1.273,1.26
12/13/1999,1.275,1.263
12/20/1999,1.269,1.257
12/27/1999,1.273,1.263
1/3/2000,1.272,1.26
1/10/2000,1.264,1.252
1/17/2000,1.277,1.268
1/24/2000,1.315,1.307
1/31/2000,1.316,1.307
2/7/2000,1.325,1.319
2/14/2000,1.356,1.35
2/21/2000,1.406,1.4
2/28/2000,1.421,1.413
3/6/2000,1.501,1.49
3/13/2000,1.527,1.511
3/20/2000,1.529,1.508
3/27/2000,1.508,1.484
4/3/2000,1.503,1.478
4/10/2000,1.475,1.447
4/17/2000,1.444,1.415
4/24/2000,1.437,1.406
5/1/2000,1.42,1.386
5/8/2000,1.455,1.427
5/15/2000,1.492,1.466
5/22/2000,1.527,1.494
5/29/2000,1.54,1.509
6/5/2000,1.563,1.535
6/12/2000,1.631,1.607
6/19/2000,1.681,1.664
6/26/2000,1.658,1.641
7/3/2000,1.625,1.606
7/10/2000,1.593,1.571
7/17/2000,1.546,1.521
7/24/2000,1.52,1.499
7/31/2000,1.471,1.447
8/7/2000,1.462,1.437
8/14/2000,1.447,1.42
8/21/2000,1.468,1.444
8/28/2000,1.481,1.456
9/4/2000,1.53,1.502
9/11/2000,1.561,1.535
9/18/2000,1.562,1.539
9/25/2000,1.548,1.525
10/2/2000,1.524,1.498
10/9/2000,1.502,1.473
10/16/2000,1.539,1.516
10/23/2000,1.551,1.532
10/30/2000,1.545,1.523
11/6/2000,1.526,1.502
11/13/2000,1.523,1.501
11/20/2000,1.51,1.487
11/27/2000,1.51,1.489
12/4/2000,1.486,1.464
12/11/2000,1.449,1.425
12/18/2000,1.422,1.396
12/25/2000,1.414,1.388
1/1/2001,1.406,1.377
1/8/2001,1.425,1.4
1/15/2001,1.474,1.458
1/22/2001,1.471,1.456
1/29/2001,1.46,1.446
2/5/2001,1.443,1.426
2/12/2001,1.476,1.46
2/19/2001,1.449,1.429
2/26/2001,1.431,1.41
3/5/2001,1.417,1.393
3/12/2001,1.412,1.387
3/19/2001,1.404,1.377
3/26/2001,1.404,1.379
4/2/2001,1.442,1.411
4/9/2001,1.5,1.469
4/16/2001,1.571,1.535
4/23/2001,1.619,1.586
4/30/2001,1.626,1.585
5/7/2001,1.703,1.659
5/14/2001,1.713,1.663
5/21/2001,1.687,1.637
5/28/2001,1.704,1.656
6/4/2001,1.679,1.63
6/11/2001,1.647,1.58
6/18/2001,1.601,1.526
6/25/2001,1.538,1.454
7/2/2001,1.474,1.384
7/9/2001,1.437,1.35
7/16/2001,1.413,1.33
7/23/2001,1.395,1.318
7/30/2001,1.384,1.319
8/6/2001,1.376,1.319
8/13/2001,1.392,1.347
8/20/2001,1.427,1.399
8/27/2001,1.488,1.48
9/3/2001,1.545,1.538
9/10/2001,1.527,1.511
9/17/2001,1.529,1.516
9/24/2001,1.485,1.46
10/1/2001,1.416,1.381
10/8/2001,1.352,1.31
10/15/2001,1.309,1.264
10/22/2001,1.265,1.221
10/29/2001,1.235,1.193
11/5/2001,1.206,1.17
11/12/2001,1.182,1.147
11/19/2001,1.167,1.14
11/26/2001,1.127,1.097
12/3/2001,1.108,1.084
12/10/2001,1.095,1.075
12/17/2001,1.059,1.042
12/24/2001,1.072,1.063
12/31/2001,1.096,1.096
1/7/2002,1.112,1.109
1/14/2002,1.111,1.099
1/21/2002,1.105,1.087
1/28/2002,1.101,1.081
2/4/2002,1.116,1.098
2/11/2002,1.107,1.085
2/18/2002,1.116,1.089
2/25/2002,1.116,1.087
3/4/2002,1.144,1.118
3/11/2002,1.223,1.194
3/18/2002,1.288,1.262
3/25/2002,1.342,1.308
4/1/2002,1.371,1.339
4/8/2002,1.413,1.382
4/15/2002,1.404,1.368
4/22/2002,1.404,1.367
4/29/2002,1.393,1.353
5/6/2002,1.395,1.356
5/13/2002,1.388,1.349
5/20/2002,1.397,1.36
5/27/2002,1.387,1.348
6/3/2002,1.392,1.353
6/10/2002,1.375,1.332
6/17/2002,1.378,1.335
6/24/2002,1.384,1.342
7/1/2002,1.392,1.357
7/8/2002,1.382,1.345
7/15/2002,1.394,1.361
7/22/2002,1.41,1.381
7/29/2002,1.407,1.376
8/5/2002,1.395,1.355
8/12/2002,1.393,1.355
8/19/2002,1.392,1.357
8/26/2002,1.403,1.365
9/2/2002,1.394,1.353
9/9/2002,1.395,1.355
9/16/2002,1.401,1.367
9/23/2002,1.395,1.357
9/30/2002,1.413,1.385
10/7/2002,1.439,1.416
10/14/2002,1.44,1.422
10/21/2002,1.458,1.443
10/28/2002,1.444,1.427
11/4/2002,1.448,1.427
11/11/2002,1.439,1.406
11/18/2002,1.409,1.37
11/25/2002,1.38,1.336
12/2/2002,1.364,1.316
12/9/2002,1.36,1.316
12/16/2002,1.363,1.322
12/23/2002,1.401,1.371
12/30/2002,1.441,1.417
1/6/2003,1.444,1.412
1/13/2003,1.454,1.423
1/20/2003,1.459,1.422
1/27/2003,1.473,1.437
2/3/2003,1.527,1.499
2/10/2003,1.607,1.582
2/17/2003,1.66,1.63
2/24/2003,1.658,1.617
3/3/2003,1.686,1.641
3/10/2003,1.712,1.663
3/17/2003,1.728,1.673
3/24/2003,1.69,1.626
3/31/2003,1.649,1.577
4/7/2003,1.63,1.557
4/14/2003,1.595,1.521
4/21/2003,1.574,1.504
4/28/2003,1.557,1.486
5/5/2003,1.513,1.441
5/12/2003,1.491,1.427
5/19/2003,1.498,1.444
5/26/2003,1.487,1.439
6/2/2003,1.473,1.428
6/9/2003,1.49,1.456
6/16/2003,1.518,1.48
6/23/2003,1.496,1.451
6/30/2003,1.487,1.443
7/7/2003,1.489,1.448
7/14/2003,1.521,1.489
7/21/2003,1.524,1.496
7/28/2003,1.516,1.488
8/4/2003,1.536,1.516
8/11/2003,1.571,1.55
8/18/2003,1.627,1.594
8/25/2003,1.747,1.693
9/1/2003,1.746,1.688
9/8/2003,1.717,1.653
9/15/2003,1.697,1.636
9/22/2003,1.643,1.58
9/29/2003,1.591,1.524
10/6/2003,1.573,1.511
10/13/2003,1.568,1.515
10/20/2003,1.571,1.527
10/27/2003,1.542,1.499
11/3/2003,1.535,1.494
11/10/2003,1.504,1.464
11/17/2003,1.497,1.459
11/24/2003,1.512,1.478
12/1/2003,1.49,1.454
12/8/2003,1.476,1.441
12/15/2003,1.465,1.433
12/22/2003,1.485,1.459
12/29/2003,1.478,1.454
1/5/2004,1.51,1.492
1/12/2004,1.56,1.544
1/19/2004,1.595,1.579
1/26/2004,1.622,1.604
2/2/2004,1.616,1.591
2/9/2004,1.638,1.609
2/16/2004,1.648,1.617
2/23/2004,1.688,1.641
3/1/2004,1.717,1.664
3/8/2004,1.738,1.69
3/15/2004,1.724,1.675
3/22/2004,1.743,1.698
3/29/2004,1.758,1.716
4/5/2004,1.78,1.737
4/12/2004,1.786,1.74
4/19/2004,1.813,1.773
4/26/2004,1.812,1.774
5/3/2004,1.844,1.811
5/10/2004,1.941,1.904
5/17/2004,2.017,1.979
5/24/2004,2.064,2.026
5/31/2004,2.051,2.004
6/7/2004,2.034,1.983
6/14/2004,1.985,1.926
6/21/2004,1.937,1.873
6/28/2004,1.921,1.859
7/5/2004,1.895,1.835
7/12/2004,1.917,1.869
7/19/2004,1.928,1.888
7/26/2004,1.905,1.861
8/2/2004,1.888,1.846
8/9/2004,1.877,1.839
8/16/2004,1.875,1.842
8/23/2004,1.884,1.854
8/30/2004,1.866,1.827
9/6/2004,1.85,1.815
9/13/2004,1.846,1.813
9/20/2004,1.866,1.839
9/27/2004,1.917,1.895
10/4/2004,1.938,1.902
10/11/2004,1.993,1.949
10/18/2004,2.035,1.984
10/25/2004,2.032,1.98
11/1/2004,2.034,1.986
11/8/2004,2.001,1.951
11/15/2004,1.969,1.918
11/22/2004,1.948,1.901
11/29/2004,1.945,1.903
12/6/2004,1.911,1.868
12/13/2004,1.847,1.799
12/20/2004,1.815,1.777
12/27/2004,1.791,1.754
1/3/2005,1.778,1.745
1/10/2005,1.793,1.771
1/17/2005,1.819,1.802
1/24/2005,1.853,1.839
1/31/2005,1.911,1.896
2/7/2005,1.909,1.89
2/14/2005,1.898,1.873
2/21/2005,1.905,1.878
2/28/2005,1.928,1.904
3/7/2005,1.999,1.979
3/14/2005,2.056,2.039
3/21/2005,2.109,2.095
3/28/2005,2.153,2.137
4/4/2005,2.217,2.196
4/11/2005,2.28,2.251
4/18/2005,2.237,2.198
4/25/2005,2.236,2.197
5/2/2005,2.235,2.191
5/9/2005,2.186,2.137
5/16/2005,2.163,2.116
5/23/2005,2.125,2.077
5/30/2005,2.097,2.051
6/6/2005,2.116,2.078
6/13/2005,2.13,2.099
6/20/2005,2.161,2.128
6/27/2005,2.215,2.186
7/4/2005,2.226,2.189
7/11/2005,2.328,2.292
7/18/2005,2.317,2.272
7/25/2005,2.289,2.235
8/1/2005,2.291,2.239
8/8/2005,2.368,2.323
8/15/2005,2.55,2.519
8/22/2005,2.612,2.583
8/29/2005,2.61,2.581
9/5/2005,3.069,3.037
9/12/2005,2.955,2.912
9/19/2005,2.786,2.73
9/26/2005,2.803,2.767
10/3/2005,2.928,2.922
10/10/2005,2.848,2.828
10/17/2005,2.725,2.693
10/24/2005,2.603,2.564
10/31/2005,2.48,2.438
11/7/2005,2.376,2.336
11/14/2005,2.296,2.258
11/21/2005,2.201,2.168
11/28/2005,2.154,2.124
12/5/2005,2.147,2.127
12/12/2005,2.185,2.175
12/19/2005,2.211,2.205
12/26/2005,2.197,2.188
1/2/2006,2.238,2.236
1/9/2006,2.327,2.321
1/16/2006,2.32,2.297
1/23/2006,2.336,2.314
1/30/2006,2.357,2.332
2/6/2006,2.342,2.31
2/13/2006,2.284,2.246
2/20/2006,2.24,2.205
2/27/2006,2.254,2.236
3/6/2006,2.331,2.321
3/13/2006,2.366,2.355
3/20/2006,2.504,2.495
3/27/2006,2.498,2.479
4/3/2006,2.588,2.567
4/10/2006,2.683,2.663
4/17/2006,2.783,2.764
4/24/2006,2.914,2.881
5/1/2006,2.919,2.866
5/8/2006,2.909,2.834
5/15/2006,2.947,2.871
5/22/2006,2.892,2.801
5/29/2006,2.867,2.784
6/5/2006,2.892,2.811
6/12/2006,2.906,2.833
6/19/2006,2.871,2.793
6/26/2006,2.869,2.796
7/3/2006,2.934,2.873
7/10/2006,2.973,2.91
7/17/2006,2.989,2.928
7/24/2006,3.003,2.95
7/31/2006,3.004,2.955
8/7/2006,3.038,3.004
8/14/2006,3,2.958
8/21/2006,2.924,2.877
8/28/2006,2.845,2.8
9/4/2006,2.727,2.68
9/11/2006,2.618,2.563
9/18/2006,2.497,2.441
9/25/2006,2.378,2.32
10/2/2006,2.31,2.263
10/9/2006,2.261,2.222
10/16/2006,2.226,2.195
10/23/2006,2.208,2.186
10/30/2006,2.218,2.204
11/6/2006,2.2,2.189
11/13/2006,2.232,2.216
11/20/2006,2.239,2.218
11/27/2006,2.246,2.221
12/4/2006,2.297,2.277
12/11/2006,2.293,2.267
12/18/2006,2.32,2.29
12/25/2006,2.341,2.303
1/1/2007,2.334,2.296
1/8/2007,2.306,2.258
1/15/2007,2.229,2.173
1/22/2007,2.165,2.107
1/29/2007,2.165,2.119
2/5/2007,2.191,2.151
2/12/2007,2.241,2.198
2/19/2007,2.296,2.251
2/26/2007,2.383,2.338
3/5/2007,2.505,2.46
3/12/2007,2.559,2.499
3/19/2007,2.577,2.511
3/26/2007,2.61,2.54
4/2/2007,2.707,2.636
4/9/2007,2.802,2.746
4/16/2007,2.876,2.822
4/23/2007,2.869,2.811
4/30/2007,2.971,2.922
5/7/2007,3.054,3.002
5/14/2007,3.103,3.069
5/21/2007,3.218,3.211
5/28/2007,3.209,3.195
6/4/2007,3.157,3.132
6/11/2007,3.076,3.04
6/18/2007,3.009,2.974
6/25/2007,2.982,2.951
7/2/2007,2.959,2.933
7/9/2007,2.981,2.971
7/16/2007,3.049,3.046
7/23/2007,2.958,2.938
7/30/2007,2.876,2.849
8/6/2007,2.838,2.816
8/13/2007,2.771,2.752
8/20/2007,2.785,2.783
8/27/2007,2.749,2.756
9/3/2007,2.796,2.818
9/10/2007,2.818,2.84
9/17/2007,2.787,2.792
9/24/2007,2.812,2.816
10/1/2007,2.788,2.784
10/8/2007,2.77,2.761
10/15/2007,2.762,2.746
10/22/2007,2.823,2.806
10/29/2007,2.872,2.859
11/5/2007,3.013,3.007
11/12/2007,3.111,3.101
11/19/2007,3.099,3.077
11/26/2007,3.097,3.072
12/3/2007,3.061,3.029
12/10/2007,3,2.957
12/17/2007,2.998,2.962
12/24/2007,2.98,2.943
12/31/2007,3.053,3.028
1/7/2008,3.109,3.088
1/14/2008,3.068,3.041
1/21/2008,3.017,2.991
1/28/2008,2.977,2.953
2/4/2008,2.978,2.966
2/11/2008,2.96,2.947
2/18/2008,3.042,3.035
2/25/2008,3.13,3.115
3/3/2008,3.162,3.137
3/10/2008,3.225,3.2
3/17/2008,3.284,3.257
3/24/2008,3.259,3.224
3/31/2008,3.29,3.259
4/7/2008,3.332,3.299
4/14/2008,3.389,3.35
4/21/2008,3.508,3.467
4/28/2008,3.603,3.566
5/5/2008,3.613,3.571
5/12/2008,3.722,3.694
5/19/2008,3.791,3.762
5/26/2008,3.937,3.913
6/2/2008,3.976,3.932
6/9/2008,4.039,3.979
6/16/2008,4.082,4.007
6/23/2008,4.079,4.002
6/30/2008,4.095,4.027
7/7/2008,4.114,4.051
7/14/2008,4.113,4.054
7/21/2008,4.064,4.005
7/28/2008,3.955,3.896
8/4/2008,3.88,3.828
8/11/2008,3.809,3.764
8/18/2008,3.74,3.706
8/25/2008,3.685,3.66
9/1/2008,3.68,3.667
9/8/2008,3.648,3.637
9/15/2008,3.835,3.867
9/22/2008,3.718,3.732
9/29/2008,3.632,3.644
10/6/2008,3.484,3.485
10/13/2008,3.151,3.109
10/20/2008,2.914,2.855
10/27/2008,2.656,2.589
11/3/2008,2.4,2.34
11/10/2008,2.224,2.17
11/17/2008,2.072,2.027
11/24/2008,1.892,1.857
12/1/2008,1.811,1.79
12/8/2008,1.699,1.681
12/15/2008,1.659,1.648
12/22/2008,1.653,1.635
12/29/2008,1.613,1.59
1/5/2009,1.684,1.672
1/12/2009,1.784,1.772
1/19/2009,1.847,1.832
1/26/2009,1.838,1.813
2/2/2009,1.892,1.871
2/9/2009,1.926,1.897
2/16/2009,1.964,1.931
2/23/2009,1.909,1.868
3/2/2009,1.934,1.91
3/9/2009,1.941,1.918
3/16/2009,1.91,1.885
3/23/2009,1.962,1.944
3/30/2009,2.046,2.03
4/6/2009,2.037,2.011
4/13/2009,2.051,2.025
4/20/2009,2.059,2.031
4/27/2009,2.049,2.016
5/4/2009,2.078,2.045
5/11/2009,2.24,2.218
5/18/2009,2.309,2.281
5/25/2009,2.435,2.414
6/1/2009,2.524,2.502
6/8/2009,2.624,2.6
6/15/2009,2.672,2.639
6/22/2009,2.691,2.65
6/29/2009,2.642,2.593
7/6/2009,2.612,2.563
7/13/2009,2.528,2.479
7/20/2009,2.463,2.411
7/27/2009,2.503,2.46
8/3/2009,2.557,2.511
8/10/2009,2.647,2.596
8/17/2009,2.637,2.58
8/24/2009,2.628,2.572
8/31/2009,2.613,2.553
9/7/2009,2.588,2.519
9/14/2009,2.577,2.499
9/21/2009,2.552,2.477
9/28/2009,2.499,2.425
10/5/2009,2.468,2.396
10/12/2009,2.489,2.432
10/19/2009,2.574,2.532
10/26/2009,2.674,2.641
11/2/2009,2.694,2.66
11/9/2009,2.666,2.627
11/16/2009,2.629,2.585
11/23/2009,2.639,2.603
11/30/2009,2.629,2.594
12/7/2009,2.634,2.601
12/14/2009,2.599,2.56
12/21/2009,2.589,2.546
12/28/2009,2.607,2.564
1/4/2010,2.665,2.627
1/11/2010,2.751,2.717
1/18/2010,2.739,2.703
1/25/2010,2.705,2.666
2/1/2010,2.661,2.618
2/8/2010,2.652,2.611
2/15/2010,2.608,2.563
2/22/2010,2.655,2.621
3/1/2010,2.702,2.671
3/8/2010,2.751,2.721
3/15/2010,2.788,2.76
3/22/2010,2.819,2.792
3/29/2010,2.798,2.765
4/5/2010,2.826,2.795
4/12/2010,2.858,2.829
4/19/2010,2.86,2.831
4/26/2010,2.849,2.815
5/3/2010,2.898,2.864
5/10/2010,2.905,2.87
5/17/2010,2.864,2.823
5/24/2010,2.786,2.741
5/31/2010,2.728,2.679
6/7/2010,2.725,2.674
6/14/2010,2.701,2.652
6/21/2010,2.743,2.696
6/28/2010,2.757,2.712
7/5/2010,2.726,2.676
7/12/2010,2.718,2.666
7/19/2010,2.722,2.672
7/26/2010,2.749,2.703
8/2/2010,2.735,2.687
8/9/2010,2.783,2.74
8/16/2010,2.745,2.696
8/23/2010,2.704,2.653
8/30/2010,2.682,2.64
9/6/2010,2.682,2.647
9/13/2010,2.721,2.695
9/20/2010,2.723,2.703
9/27/2010,2.694,2.668
10/4/2010,2.732,2.705
10/11/2010,2.819,2.793
10/18/2010,2.834,2.795
10/25/2010,2.817,2.772
11/1/2010,2.806,2.76
11/8/2010,2.865,2.832
11/15/2010,2.892,2.849
11/22/2010,2.876,2.828
11/29/2010,2.856,2.805
12/6/2010,2.958,2.917
12/13/2010,2.98,2.937
12/20/2010,2.982,2.934
12/27/2010,3.052,3.015
1/3/2011,3.07,3.034
1/10/2011,3.089,3.052
1/17/2011,3.104,3.068
1/24/2011,3.11,3.074
1/31/2011,3.101,3.061
2/7/2011,3.132,3.094
2/14/2011,3.14,3.095
2/21/2011,3.189,3.141
2/28/2011,3.383,3.341
3/7/2011,3.52,3.473
3/14/2011,3.567,3.517
3/21/2011,3.562,3.507
3/28/2011,3.596,3.538
4/4/2011,3.684,3.635
4/11/2011,3.791,3.743
4/18/2011,3.844,3.787
4/25/2011,3.879,3.817
5/2/2011,3.963,3.906
5/9/2011,3.965,3.907
5/16/2011,3.96,3.905
5/23/2011,3.849,3.788
5/30/2011,3.794,3.741
6/6/2011,3.781,3.738
6/13/2011,3.713,3.664
6/20/2011,3.652,3.597
6/27/2011,3.574,3.513
7/4/2011,3.579,3.534
7/11/2011,3.641,3.608
7/18/2011,3.682,3.648
7/25/2011,3.699,3.667
8/1/2011,3.711,3.684
8/8/2011,3.674,3.646
8/15/2011,3.604,3.576
8/22/2011,3.581,3.552
8/29/2011,3.627,3.601
9/5/2011,3.674,3.643
9/12/2011,3.661,3.629
9/19/2011,3.601,3.56
9/26/2011,3.509,3.461
10/3/2011,3.433,3.381
10/10/2011,3.417,3.368
10/17/2011,3.476,3.431
10/24/2011,3.462,3.415
10/31/2011,3.452,3.405
11/7/2011,3.424,3.37
11/14/2011,3.436,3.388
11/21/2011,3.368,3.312
11/28/2011,3.307,3.248
12/5/2011,3.29,3.24
12/12/2011,3.286,3.244
12/19/2011,3.229,3.183
12/26/2011,3.258,3.213
1/2/2012,3.299,3.254
1/9/2012,3.382,3.333
1/16/2012,3.391,3.342
1/23/2012,3.389,3.333
1/30/2012,3.439,3.386
2/6/2012,3.482,3.436
2/13/2012,3.523,3.466
2/20/2012,3.591,3.523
2/27/2012,3.721,3.641
3/5/2012,3.793,3.717
3/12/2012,3.829,3.747
3/19/2012,3.867,3.787
3/26/2012,3.918,3.843
4/2/2012,3.941,3.874
4/9/2012,3.939,3.877
4/16/2012,3.922,3.867
4/23/2012,3.87,3.805
4/30/2012,3.83,3.764
5/7/2012,3.79,3.718
5/14/2012,3.754,3.658
5/21/2012,3.715,3.622
5/28/2012,3.67,3.575
6/4/2012,3.613,3.518
6/11/2012,3.572,3.489
6/18/2012,3.533,3.473
6/25/2012,3.437,3.378
7/2/2012,3.356,3.291
7/9/2012,3.411,3.357
7/16/2012,3.427,3.364
7/23/2012,3.494,3.435
7/30/2012,3.508,3.45
8/6/2012,3.645,3.606
8/13/2012,3.721,3.662
8/20/2012,3.744,3.682
8/27/2012,3.776,3.722
9/3/2012,3.843,3.797
9/10/2012,3.847,3.799
9/17/2012,3.878,3.832
9/24/2012,3.826,3.775
10/1/2012,3.804,3.75
10/8/2012,3.85,3.742
10/15/2012,3.819,3.713
10/22/2012,3.687,3.582
10/29/2012,3.568,3.48
11/5/2012,3.492,3.406
11/12/2012,3.449,3.372
11/19/2012,3.429,3.36
11/26/2012,3.437,3.382
12/3/2012,3.394,3.337
12/10/2012,3.349,3.297
12/17/2012,3.254,3.198
12/24/2012,3.257,3.205
12/31/2012,3.298,3.245
1/7/2013,3.299,3.233
1/14/2013,3.303,3.236
1/21/2013,3.315,3.254
1/28/2013,3.357,3.296
2/4/2013,3.538,3.471
2/11/2013,3.611,3.537
2/18/2013,3.747,3.69
2/25/2013,3.784,3.722
3/4/2013,3.759,3.698
3/11/2013,3.71,3.644
3/18/2013,3.696,3.633
3/25/2013,3.68,3.616
4/1/2013,3.645,3.572
4/8/2013,3.608,3.539
4/15/2013,3.542,3.469
4/22/2013,3.536,3.472
4/29/2013,3.52,3.455
5/6/2013,3.538,3.478
5/13/2013,3.603,3.543
5/20/2013,3.673,3.636
5/27/2013,3.645,3.601
6/3/2013,3.646,3.61
6/10/2013,3.655,3.619
6/17/2013,3.626,3.577
6/24/2013,3.577,3.498
7/1/2013,3.496,3.41
7/8/2013,3.492,3.413
7/15/2013,3.639,3.57
7/22/2013,3.682,3.612
7/29/2013,3.646,3.57
8/5/2013,3.632,3.566
8/12/2013,3.561,3.493
8/19/2013,3.55,3.496
8/26/2013,3.552,3.504
9/2/2013,3.608,3.575
9/9/2013,3.587,3.54
9/16/2013,3.547,3.475
9/23/2013,3.495,3.425
9/30/2013,3.425,3.354
10/7/2013,3.367,3.298
10/14/2013,3.354,3.296
10/21/2013,3.36,3.31
10/28/2013,3.294,3.235
11/4/2013,3.265,3.209
11/11/2013,3.194,3.133
11/18/2013,3.219,3.161
11/25/2013,3.293,3.241
12/2/2013,3.272,3.209
12/9/2013,3.269,3.208
12/16/2013,3.239,3.165
12/23/2013,3.271,3.198
12/30/2013,3.331,3.264
1/6/2014,3.332,3.261
1/13/2014,3.327,3.267
1/20/2014,3.296,3.24
1/27/2014,3.295,3.241
2/3/2014,3.292,3.243
2/10/2014,3.309,3.257
2/17/2014,3.38,3.326
2/24/2014,3.444,3.394
3/3/2014,3.479,3.421
3/10/2014,3.512,3.452
3/17/2014,3.547,3.489
3/24/2014,3.549,3.487
3/31/2014,3.579,3.521
4/7/2014,3.596,3.533
4/14/2014,3.651,3.581
4/21/2014,3.683,3.612
4/28/2014,3.713,3.635
5/5/2014,3.684,3.606
5/12/2014,3.668,3.597
5/19/2014,3.665,3.593
5/26/2014,3.674,3.607
6/2/2014,3.69,3.624
6/9/2014,3.674,3.61
6/16/2014,3.686,3.621
6/23/2014,3.704,3.639
6/30/2014,3.704,3.635
7/7/2014,3.678,3.605
7/14/2014,3.635,3.56
7/21/2014,3.593,3.523
7/28/2014,3.539,3.468
8/4/2014,3.515,3.449
8/11/2014,3.505,3.447
8/18/2014,3.472,3.408
8/25/2014,3.454,3.397
9/1/2014,3.459,3.41
9/8/2014,3.457,3.406
9/15/2014,3.408,3.352
9/22/2014,3.353,3.296
9/29/2014,3.354,3.304
10/6/2014,3.299,3.246
10/13/2014,3.207,3.147
10/20/2014,3.12,3.07
10/27/2014,3.056,3.016
11/3/2014,2.993,2.956
11/10/2014,2.941,2.907
11/17/2014,2.894,2.856
11/24/2014,2.821,2.781
12/1/2014,2.778,2.738
12/8/2014,2.679,2.634
12/15/2014,2.554,2.499
12/22/2014,2.403,2.341
12/29/2014,2.299,2.229
1/5/2015,2.214,2.136
1/12/2015,2.139,2.066
1/19/2015,2.066,1.999
1/26/2015,2.044,1.982
2/2/2015,2.068,2.013
2/9/2015,2.191,2.133
2/16/2015,2.274,2.206
2/23/2015,2.332,2.256
3/2/2015,2.473,2.36
3/9/2015,2.487,2.367
3/16/2015,2.453,2.339
3/23/2015,2.457,2.347
3/30/2015,2.448,2.348
4/6/2015,2.413,2.315
4/13/2015,2.408,2.317
4/20/2015,2.485,2.393
4/27/2015,2.57,2.451
5/4/2015,2.664,2.517
5/11/2015,2.691,2.547
5/18/2015,2.744,2.604
5/25/2015,2.774,2.642
6/1/2015,2.78,2.656
6/8/2015,2.78,2.668
6/15/2015,2.835,2.744
6/22/2015,2.812,2.72
6/29/2015,2.801,2.713
7/6/2015,2.793,2.702
7/13/2015,2.834,2.694
7/20/2015,2.802,2.661
7/27/2015,2.745,2.605
8/3/2015,2.689,2.555
8/10/2015,2.629,2.505
8/17/2015,2.716,2.608
8/24/2015,2.637,2.534
8/31/2015,2.51,2.406
9/7/2015,2.437,2.337
9/14/2015,2.375,2.28
9/21/2015,2.327,2.237
9/28/2015,2.322,2.246
10/5/2015,2.318,2.252
10/12/2015,2.337,2.283
10/19/2015,2.277,2.22
10/26/2015,2.228,2.166
11/2/2015,2.224,2.17
11/9/2015,2.235,2.172
11/16/2015,2.178,2.11
11/23/2015,2.094,2.015
11/30/2015,2.059,1.974
12/7/2015,2.053,1.969
12/14/2015,2.037,1.953
12/21/2015,2.026,1.929
12/28/2015,2.034,1.933
1/4/2016,2.028,1.922
1/11/2016,1.996,1.888
1/18/2016,1.914,1.81
1/25/2016,1.856,1.752
2/1/2016,1.822,1.729
2/8/2016,1.759,1.663
2/15/2016,1.724,1.638
2/22/2016,1.73,1.661
2/29/2016,1.783,1.715
3/7/2016,1.841,1.782
3/14/2016,1.961,1.888
3/21/2016,2.007,1.935
3/28/2016,2.066,1.976
4/4/2016,2.083,1.994
4/11/2016,2.069,1.981
4/18/2016,2.137,2.053
4/25/2016,2.162,2.08
5/2/2016,2.24,2.168
5/9/2016,2.22,2.143
5/16/2016,2.242,2.17
5/23/2016,2.3,2.235
5/30/2016,2.339,2.281
6/6/2016,2.381,2.328
6/13/2016,2.399,2.343
6/20/2016,2.353,2.29
6/27/2016,2.329,2.25
7/4/2016,2.291,2.205
7/11/2016,2.253,2.171
7/18/2016,2.23,2.148
7/25/2016,2.182,2.105
8/1/2016,2.159,2.091
8/8/2016,2.15,2.087
8/15/2016,2.149,2.096
8/22/2016,2.193,2.136
8/29/2016,2.237,2.187
9/5/2016,2.223,2.17
9/12/2016,2.202,2.138
9/19/2016,2.225,2.17
9/26/2016,2.224,2.166
10/3/2016,2.245,2.184
10/10/2016,2.272,2.216
10/17/2016,2.257,2.198
10/24/2016,2.243,2.175
10/31/2016,2.23,2.159
11/7/2016,2.233,2.157
11/14/2016,2.184,2.105
11/21/2016,2.155,2.078
11/28/2016,2.154,2.079
12/5/2016,2.208,2.137
12/12/2016,2.236,2.174
12/19/2016,2.264,2.203
12/26/2016,2.309,2.254
1/2/2017,2.377,2.319
1/9/2017,2.388,2.328
1/16/2017,2.358,2.298
1/23/2017,2.326,2.258
1/30/2017,2.296,2.224
2/6/2017,2.293,2.221
2/13/2017,2.307,2.228
2/20/2017,2.302,2.224
2/27/2017,2.314,2.233
3/6/2017,2.341,2.264
3/13/2017,2.323,2.242
3/20/2017,2.321,2.238
3/27/2017,2.315,2.228
4/3/2017,2.36,2.281
4/10/2017,2.424,2.351
4/17/2017,2.436,2.356
4/24/2017,2.449,2.372
5/1/2017,2.411,2.331
5/8/2017,2.372,2.288
5/15/2017,2.369,2.283
5/22/2017,2.399,2.306
5/29/2017,2.406,2.308
6/5/2017,2.414,2.325
6/12/2017,2.366,2.276
6/19/2017,2.318,2.224
6/26/2017,2.288,2.201
7/3/2017,2.26,2.163
7/10/2017,2.297,2.21
7/17/2017,2.278,2.188
7/24/2017,2.312,2.224
7/31/2017,2.352,2.269
8/7/2017,2.378,2.29
8/14/2017,2.384,2.301
8/21/2017,2.36,2.273
8/28/2017,2.399,2.322
9/4/2017,2.679,2.604
9/11/2017,2.685,2.61
9/18/2017,2.634,2.559
9/25/2017,2.583,2.508
10/2/2017,2.565,2.493
10/9/2017,2.504,2.426
10/16/2017,2.489,2.413
10/23/2017,2.479,2.406
10/30/2017,2.488,2.41
11/6/2017,2.561,2.468
11/13/2017,2.592,2.504
11/20/2017,2.568,2.48
11/27/2017,2.533,2.444
12/4/2017,2.5,2.41
12/11/2017,2.485,2.401
12/18/2017,2.45,2.358
12/25/2017,2.472,2.384
1/1/2018,2.52,2.436
1/8/2018,2.522,2.429
1/15/2018,2.557,2.473
1/22/2018,2.567,2.482
1/29/2018,2.607,2.516
2/5/2018,2.637,2.544
2/12/2018,2.607,2.511
2/19/2018,2.557,2.455
2/26/2018,2.548,2.442
3/5/2018,2.56,2.462
3/12/2018,2.559,2.455
3/19/2018,2.598,2.494
3/26/2018,2.648,2.541
4/2/2018,2.7,2.592
4/9/2018,2.694,2.587
4/16/2018,2.747,2.644
4/23/2018,2.798,2.696
4/30/2018,2.846,2.741
5/7/2018,2.845,2.733
5/14/2018,2.873,2.786
5/21/2018,2.923,2.834
5/28/2018,2.962,2.877
6/4/2018,2.94,2.849
6/11/2018,2.911,2.822
6/18/2018,2.879,2.79
6/25/2018,2.833,2.745
7/2/2018,2.844,2.762
7/9/2018,2.857,2.774
7/16/2018,2.865,2.79
7/23/2018,2.831,2.754
7/30/2018,2.846,2.772
8/6/2018,2.852,2.781
8/13/2018,2.843,2.774
8/20/2018,2.821,2.755
8/27/2018,2.827,2.761
9/3/2018,2.824,2.759
9/10/2018,2.833,2.765
9/17/2018,2.841,2.771
9/24/2018,2.844,2.779
10/1/2018,2.866,2.796
10/8/2018,2.903,2.829
10/15/2018,2.879,2.806
10/22/2018,2.841,2.763
10/29/2018,2.811,2.732
11/5/2018,2.753,2.67
11/12/2018,2.686,2.604
11/19/2018,2.611,2.525
11/26/2018,2.539,2.445
12/3/2018,2.451,2.35
12/10/2018,2.421,2.325
12/17/2018,2.369,2.268
12/24/2018,2.321,2.216
12/31/2018,2.266,2.156
1/7/2019,2.237,2.128
1/14/2019,2.247,2.143
1/21/2019,2.251,2.147
1/28/2019,2.256,2.162
2/4/2019,2.254,2.162
2/11/2019,2.276,2.187
2/18/2019,2.317,2.23
2/25/2019,2.39,2.311
3/4/2019,2.422,2.352
3/11/2019,2.471,2.399
3/18/2019,2.548,2.477
3/25/2019,2.623,2.544
4/1/2019,2.691,2.611
4/8/2019,2.745,2.65
4/15/2019,2.828,2.725
4/22/2019,2.841,2.723
4/29/2019,2.887,2.761
5/6/2019,2.897,2.771
5/13/2019,2.866,2.735
5/20/2019,2.852,2.723
5/27/2019,2.822,2.696
6/3/2019,2.807,2.691
6/10/2019,2.732,2.62
6/17/2019,2.67,2.553
6/24/2019,2.654,2.541
7/1/2019,2.713,2.608
7/8/2019,2.743,2.644
7/15/2019,2.779,2.682
7/22/2019,2.75,2.653
7/29/2019,2.715,2.615
8/5/2019,2.688,2.588
8/12/2019,2.624,2.524
8/19/2019,2.598,2.501
8/26/2019,2.574,2.471
9/2/2019,2.563,2.461
9/9/2019,2.55,2.45
9/16/2019,2.552,2.454
9/23/2019,2.654,2.561
9/30/2019,2.642,2.518
10/7/2019,2.645,2.513
10/14/2019,2.629,2.495
10/21/2019,2.638,2.512
10/28/2019,2.596,2.469
11/4/2019,2.605,2.485
11/11/2019,2.615,2.493
11/18/2019,2.592,2.473
11/25/2019,2.579,2.469
12/2/2019,2.575,2.485
12/9/2019,2.561,2.478
12/16/2019,2.536,2.448
12/23/2019,2.532,2.447
12/30/2019,2.571,2.488
1/6/2020,2.578,2.494
1/13/2020,2.57,2.482
1/20/2020,2.537,2.448
1/27/2020,2.506,2.412
2/3/2020,2.455,2.358
2/10/2020,2.419,2.324
2/17/2020,2.428,2.337
2/24/2020,2.466,2.373
3/2/2020,2.423,2.324
3/9/2020,2.375,2.272
3/16/2020,2.248,2.139
3/23/2020,2.12,2.007
3/30/2020,2.005,1.886
4/6/2020,1.924,1.8
